{"cameraMode":{"drawMode":0,"name":"Shaded","section":"Shading Mode"},"sceneLighting":false,"audioPlay":false,"sceneViewState":{"showFog":false,"showMaterialUpdate":false,"showSkybox":false,"showFlares":false,"showImageEffects":false,"showParticleSystems":false},"in2DMode":false,"pivot":{"x":-0.26503992080688479,"y":1.6860564947128297,"z":-0.908716082572937},"rotation":{"x":0.5310253500938416,"y":-0.0016980438958853484,"z":0.0010648472234606743,"w":0.8473535776138306},"size":12.628076553344727,"orthographic":false}