{"cameraMode":{"drawMode":0,"name":"Shaded","section":"Shading Mode"},"sceneLighting":true,"audioPlay":false,"sceneViewState":{"showFog":false,"showMaterialUpdate":false,"showSkybox":false,"showFlares":false,"showImageEffects":false,"showParticleSystems":false},"in2DMode":false,"pivot":{"x":2.7479000091552736,"y":-38.55006408691406,"z":25.314590454101564},"rotation":{"x":0.5310253500938416,"y":-0.0016980438958853484,"z":0.0010648472234606743,"w":0.8473535776138306},"size":94.56306457519531,"orthographic":false}