{"cameraMode":{"drawMode":0,"name":"Shaded","section":"Shading Mode"},"sceneLighting":true,"audioPlay":false,"sceneViewState":{"showFog":false,"showMaterialUpdate":false,"showSkybox":false,"showFlares":false,"showImageEffects":false,"showParticleSystems":false},"in2DMode":false,"pivot":{"x":5.136008262634277,"y":6.78831148147583,"z":-30.699892044067384},"rotation":{"x":-0.17189078032970429,"y":0.8281026482582092,"z":-0.3790937066078186,"w":-0.3754830062389374},"size":33.378509521484378,"orthographic":false}