{"cameraMode":{"drawMode":0,"name":"Shaded","section":"Shading Mode"},"sceneLighting":true,"audioPlay":false,"sceneViewState":{"showFog":false,"showMaterialUpdate":false,"showSkybox":false,"showFlares":false,"showImageEffects":false,"showParticleSystems":false},"in2DMode":false,"pivot":{"x":-5.001528739929199,"y":-6.33343505859375,"z":-5.542252540588379},"rotation":{"x":-0.5605520009994507,"y":-0.05208946019411087,"z":0.03536156564950943,"w":-0.8257225751876831},"size":117.08612823486328,"orthographic":false}