{"cameraMode":{"drawMode":0,"name":"Shaded","section":"Shading Mode"},"sceneLighting":false,"audioPlay":false,"sceneViewState":{"showFog":false,"showMaterialUpdate":false,"showSkybox":false,"showFlares":false,"showImageEffects":false,"showParticleSystems":false},"in2DMode":false,"pivot":{"x":-0.3221476972103119,"y":-0.351206511259079,"z":-3.625474691390991},"rotation":{"x":-0.01996772363781929,"y":0.9600210785865784,"z":-0.07098820805549622,"w":-0.27003979682922366},"size":8.118367195129395,"orthographic":false}