{"cameraMode":{"drawMode":0,"name":"Shaded","section":"Shading Mode"},"sceneLighting":false,"audioPlay":false,"sceneViewState":{"showFog":false,"showMaterialUpdate":false,"showSkybox":false,"showFlares":false,"showImageEffects":false,"showParticleSystems":false},"in2DMode":false,"pivot":{"x":0.0,"y":1.5499999523162842,"z":0.20000001788139344},"rotation":{"x":-0.01996772363781929,"y":0.9600210785865784,"z":-0.07098820805549622,"w":-0.27003979682922366},"size":3.8461263179779054,"orthographic":false}